work_year,experience_level,job_title,employee_residence,company_location,salary_in_usd
2023,3,84,26,25,85847
2023,2,66,75,70,30000
2023,2,66,75,70,25500
2023,3,47,11,12,175000
2023,3,47,11,12,120000
2023,3,8,75,70,222200
2023,3,8,75,70,136000
2023,3,47,11,12,219000
2023,3,47,11,12,141000
2023,3,47,75,70,147100
2023,3,47,75,70,90700
2023,3,25,75,70,130000
2023,3,25,75,70,100000
2023,0,8,75,70,213660
2023,0,8,75,70,130760
2023,3,38,75,70,147100
2023,3,38,75,70,90700
2023,3,47,75,70,170000
2023,3,47,75,70,150000
2023,2,25,75,70,150000
2023,2,25,75,70,110000
2023,3,88,20,20,275000
2023,3,88,20,20,174000
2023,3,4,29,28,230000
2023,3,4,29,28,143200
2023,3,18,75,70,225000
2023,3,18,75,70,156400
2023,3,69,75,70,200000
2023,3,69,75,70,130000
2023,3,50,11,12,90000
2023,3,50,11,12,72000
2023,3,33,75,70,253200
2023,3,33,75,70,90700
2023,3,23,75,70,342810
2023,3,23,75,70,184590
2023,2,33,75,70,162500
2023,2,33,75,70,130000
2023,2,25,75,70,105380
2023,2,25,75,70,64500
2023,0,41,56,53,100000
2023,0,22,56,53,30000
2022,2,69,39,38,20984
2023,0,8,75,70,204620
2023,0,8,75,70,110680
2023,3,33,75,70,270703
2023,3,33,75,70,221484
2023,3,47,75,70,212750
2023,3,47,75,70,185000
2023,3,47,75,70,262000
2023,3,47,75,70,245000
2023,3,47,75,70,275300
2023,3,47,75,70,183500
2023,3,47,75,70,218500
2023,3,47,75,70,199098
2023,3,33,75,70,203300
2023,3,33,75,70,123600
2023,3,88,75,70,189110
2023,3,88,75,70,139000
2023,1,47,75,70,258750
2023,1,47,75,70,185000
2023,3,33,75,70,231500
2023,3,33,75,70,166000
2023,3,47,75,70,172500
2023,3,47,75,70,110500
2023,3,33,75,70,238000
2023,3,33,75,70,176000
2023,3,33,75,70,237000
2023,3,33,75,70,201450
2023,3,8,75,70,309400
2023,3,8,75,70,159100
2023,3,33,75,70,115000
2023,3,33,75,70,81500
2023,3,47,75,70,237000
2023,3,47,75,70,201450
2023,3,23,75,70,280000
2023,3,23,75,70,210000
2023,3,31,75,70,280100
2023,3,31,75,70,168100
2023,3,33,75,70,193500
2023,3,33,75,70,139000
2023,2,47,32,31,65062
2023,3,69,63,70,150000
2023,2,6,39,20,69751
2022,0,1,39,38,300000
2023,2,69,57,54,96578
2023,3,18,75,70,185900
2023,3,18,75,70,129300
2023,3,33,75,70,225000
2023,3,33,75,70,175000
2023,3,33,75,70,185000
2023,3,33,75,70,140000
2023,3,47,26,25,48289
2023,3,47,26,25,38631
2023,3,47,75,70,105000
2023,3,47,75,70,70000
2023,0,69,75,70,163196
2023,0,69,75,70,145885
2023,3,33,75,70,217000
2023,3,33,75,70,185000
2023,3,25,75,70,202800
2023,3,25,75,70,104300
2023,3,25,75,70,145000
2023,3,25,75,70,65000
2023,3,33,75,70,165000
2023,3,33,75,70,132300
2023,3,33,75,70,179170
2023,3,33,75,70,94300
2023,3,4,75,70,152500
2023,3,4,75,70,116450
2023,3,33,75,70,247300
2023,3,33,75,70,133800
2023,3,88,75,70,203000
2023,3,88,75,70,133000
2023,0,89,75,70,220000
2022,0,69,13,14,56536
2023,3,47,75,70,120000
2023,3,4,75,70,289800
2023,3,4,75,70,214000
2023,3,4,75,70,179820
2023,3,4,75,70,143860
2023,3,69,75,70,283200
2023,3,69,75,70,188800
2023,3,4,75,70,214200
2023,3,33,75,70,185900
2023,3,33,75,70,129300
2023,3,33,75,70,252000
2023,3,33,75,70,129000
2023,2,29,75,70,155000
2023,2,29,75,70,140000
2023,3,33,75,70,161800
2023,3,33,75,70,141600
2023,3,69,75,70,342300
2023,3,69,75,70,176100
2023,2,33,75,70,100000
2023,2,33,75,70,70000
2023,0,33,75,70,85000
2023,0,33,75,70,65000
2023,3,47,75,70,138784
2023,3,47,75,70,83270
2023,0,25,75,70,75000
2023,0,25,75,70,70000
2023,3,25,75,70,204500
2023,3,25,75,70,138900
2023,3,69,75,70,318300
2023,3,69,75,70,212200
2023,3,33,75,70,95000
2023,3,33,75,70,75000
2023,3,47,75,70,195000
2023,3,47,75,70,160000
2023,3,4,75,70,230000
2023,3,4,75,70,143200
2023,2,17,75,70,105000
2023,2,5,39,38,20670
2023,2,25,29,28,46178
2023,2,25,29,28,42533
2023,3,33,75,70,145000
2023,3,25,75,70,168400
2023,3,25,75,70,105200
2023,3,69,75,70,190000
2023,3,69,75,70,150000
2023,3,4,75,70,150000
2023,3,4,75,70,120000
2023,3,33,75,70,120000
2023,3,25,12,13,54685
2023,3,25,12,13,42533
2023,3,33,75,70,241000
2023,3,33,75,70,155000
2023,3,33,75,70,220000
2023,3,33,75,70,190000
2023,2,47,29,28,66837
2023,2,47,29,28,54685
2020,1,91,56,12,15000
2023,2,55,29,28,85066
2023,2,55,29,28,57723
2023,0,25,75,70,85000
2023,0,25,75,70,75000
2023,3,33,75,70,160000
2023,2,69,75,70,300000
2023,2,69,75,70,250000
2023,3,47,75,70,228000
2023,3,47,75,70,186000
2023,3,47,75,70,190000
2023,2,88,75,70,230000
2023,2,88,75,70,200000
2023,3,31,75,70,180000
2023,3,31,75,70,115000
2023,3,31,75,70,200000
2023,3,32,28,27,53654
2023,1,33,75,70,220000
2023,1,33,75,70,205000
2023,2,33,75,70,180000
2023,3,33,75,70,200000
2023,3,33,75,70,150000
2023,3,23,75,70,215000
2023,3,23,75,70,170000
2023,3,69,75,70,247500
2023,3,69,75,70,172200
2023,3,47,11,12,224000
2023,3,47,11,12,176000
2023,3,25,75,70,120000
2023,3,25,75,70,75000
2023,0,33,39,38,17022
2023,3,5,5,26,68318
2023,2,1,27,26,75020
2023,3,25,75,70,140000
2023,3,25,75,70,120000
2023,3,33,75,70,128000
2023,1,58,75,70,329500
2023,1,58,75,70,269600
2023,3,41,75,70,100000
2023,3,41,75,70,80000
2023,3,47,75,70,250000
2023,3,47,75,70,162500
2023,2,1,75,70,200000
2023,3,33,75,70,100000
2023,1,33,75,70,145000
2023,1,33,75,70,115000
2023,3,47,75,70,203500
2023,3,47,75,70,152000
2023,3,47,75,70,239000
2023,3,47,75,70,122900
2023,3,47,75,70,237000
2023,3,47,75,70,145000
2023,3,45,75,70,191765
2023,3,45,75,70,134236
2023,3,4,75,70,190000
2023,3,4,75,70,112000
2022,3,47,26,28,88256
2023,3,25,75,70,135000
2023,3,25,75,70,105500
2023,3,88,75,70,293000
2023,3,88,75,70,185000
2023,3,25,75,70,80000
2023,3,25,75,70,70000
2023,3,33,75,70,160000
2023,3,47,75,70,175000
2023,3,47,75,70,145000
2023,3,25,75,70,200000
2023,3,25,75,70,148500
2023,3,33,75,70,240500
2023,3,33,75,70,123700
2023,3,4,75,70,152900
2023,3,4,75,70,117100
2023,3,4,75,70,173000
2023,3,4,75,70,113000
2023,3,8,75,70,260000
2023,1,33,75,70,175000
2023,1,33,75,70,110000
2023,3,89,75,70,130000
2023,3,89,75,70,110000
2023,3,8,75,70,205000
2023,3,8,75,70,184000
2023,3,25,75,70,149500
2023,3,25,75,70,127075
2023,3,33,75,70,219535
2023,3,33,75,70,146115
2023,3,47,75,70,135000
2023,3,47,75,70,199000
2023,3,47,75,70,162000
2023,1,4,75,70,221000
2023,1,4,75,70,153000
2023,3,25,75,70,187000
2023,3,25,75,70,128000
2023,3,89,75,70,210000
2023,3,89,75,70,136000
2023,3,47,75,70,100000
2023,3,33,75,70,179000
2023,3,33,75,70,109000
2023,3,47,75,70,245000
2023,3,47,75,70,180000
2023,3,25,75,70,142000
2023,3,37,75,70,198800
2023,3,37,75,70,105200
2023,3,25,75,70,125000
2023,3,25,75,70,112000
2023,3,47,75,70,210000
2023,3,47,75,70,155000
2023,3,37,75,70,115000
2023,3,37,75,70,86000
2023,3,47,75,70,165000
2023,3,47,75,70,140000
2023,3,25,75,70,139000
2023,3,25,75,70,106000
2023,0,25,11,12,40663
2022,3,1,11,12,275000
2023,3,73,74,69,50000
2023,2,69,75,70,280700
2023,2,69,75,70,150450
2023,0,47,11,12,51753
2023,3,31,75,70,250500
2023,3,31,75,70,159500
2023,0,47,75,70,130001
2023,0,47,75,70,71907
2023,2,47,75,70,93918
2023,2,47,75,70,51962
2023,3,25,11,12,175000
2023,3,25,11,12,135000
2023,3,69,75,70,257000
2023,3,69,75,70,147000
2023,3,33,75,70,222000
2023,3,47,75,70,203000
2023,3,47,75,70,133200
2023,3,33,75,70,221000
2023,3,33,75,70,147000
2023,3,47,75,70,185900
2023,3,47,75,70,129300
2023,3,47,75,70,238000
2023,3,47,75,70,156000
2023,3,69,75,70,304000
2023,3,69,75,70,199000
2023,2,16,26,25,48289
2023,3,33,75,70,150000
2023,3,33,75,70,130000
2023,3,47,75,70,140000
2023,3,47,75,70,110000
2023,2,25,75,70,90000
2023,2,25,75,70,75000
2023,2,89,29,28,195895
2023,2,89,29,28,102772
2023,3,33,75,70,240000
2023,3,33,75,70,183600
2023,2,49,75,70,130000
2023,2,49,75,70,80000
2023,3,33,75,70,250000
2023,3,29,75,70,160000
2023,3,29,75,70,120000
2023,3,69,75,70,289076
2023,3,69,75,70,202353
2023,3,25,75,70,155000
2023,3,33,75,70,200000
2023,3,47,75,70,157750
2023,3,47,75,70,104650
2023,2,47,75,70,180000
2023,2,47,75,70,140000
2023,1,47,75,70,200000
2023,1,47,75,70,145000
2023,2,62,75,70,68000
2023,0,13,75,70,60000
2023,2,33,75,70,125000
2023,2,33,75,70,90000
2023,3,25,75,70,105000
2023,3,25,75,70,90000
2023,0,88,75,70,155000
2023,0,88,75,70,125000
2023,3,69,75,70,241000
2023,3,69,75,70,181000
2023,3,47,75,70,252000
2023,3,47,75,70,154000
2023,1,31,75,70,180000
2023,1,31,75,70,155000
2023,3,47,75,70,191765
2023,3,47,75,70,134236
2023,3,33,75,70,146000
2023,3,33,75,70,75000
2023,0,25,75,70,64200
2023,0,25,75,70,56100
2023,3,69,75,70,170000
2023,3,25,75,70,208450
2023,3,25,75,70,170550
2023,3,69,75,70,125000
2023,3,69,75,70,100000
2023,2,37,75,70,135000
2023,2,37,75,70,120000
2023,3,47,75,70,200000
2023,3,47,75,70,170000
2023,3,47,37,36,171250
2023,3,47,37,36,113750
2023,3,25,75,70,153600
2023,3,25,75,70,100500
2023,3,69,11,12,115000
2023,3,69,11,12,95000
2023,2,25,75,70,182500
2023,2,25,75,70,121500
2023,3,33,75,70,203100
2023,3,33,75,70,114500
2023,2,25,29,28,72914
2023,2,25,29,28,54685
2023,0,33,75,70,92700
2023,0,33,75,70,61800
2023,3,33,75,70,130000
2023,3,47,11,12,258000
2023,3,47,11,12,190000
2023,2,31,75,70,167500
2023,2,31,75,70,106500
2023,2,33,75,70,146000
2023,2,33,75,70,75000
2022,0,33,57,54,59888
2023,1,33,75,70,286000
2023,1,33,75,70,207000
2023,3,25,75,70,80000
2023,3,33,75,70,223250
2023,3,33,75,70,178600
2023,1,53,75,70,353200
2023,1,53,75,70,249300
2023,2,74,75,70,230000
2023,2,74,75,70,220000
2023,3,47,75,70,297300
2023,3,47,75,70,198200
2023,2,89,75,70,210000
2023,2,89,75,70,151800
2023,3,47,75,70,317070
2023,3,47,75,70,170730
2023,0,17,26,25,21461
2023,3,1,74,69,108000
2023,3,1,74,69,60000
2023,2,67,75,70,134000
2023,2,67,75,70,124000
2023,3,33,75,70,171250
2023,3,33,75,70,113750
2023,3,47,75,70,225000
2023,3,47,75,70,175000
2023,3,33,75,70,230000
2023,3,33,75,70,124500
2023,3,25,75,70,175000
2023,3,25,75,70,148700
2023,3,25,75,70,125600
2023,3,89,75,70,200000
2023,3,89,75,70,150000
2023,0,88,75,70,160000
2023,0,88,75,70,120000
2023,3,25,75,70,185000
2023,3,25,75,70,120250
2023,3,47,75,70,183000
2023,3,31,75,70,170000
2023,3,31,75,70,125000
2023,3,89,75,70,250000
2023,2,69,75,70,135000
2023,3,3,38,37,423834
2023,3,69,75,70,216000
2023,3,69,75,70,184000
2023,3,33,75,70,180000
2023,3,33,75,70,165000
2023,2,33,75,70,143865
2023,2,33,75,70,115092
2023,2,69,75,70,130000
2023,2,69,75,70,90000
2023,3,47,75,70,173000
2023,3,47,75,70,132000
2023,3,25,75,70,208049
2023,3,25,75,70,128500
2023,3,33,75,70,167500
2023,3,33,75,70,106500
2023,2,33,75,70,149600
2023,2,33,75,70,102000
2023,1,47,75,70,100000
2023,3,25,75,70,190000
2023,3,25,75,70,95000
2023,3,25,75,70,106800
2023,2,47,37,36,96578
2023,2,47,37,36,80481
2023,2,25,75,70,128000
2023,2,25,75,70,85000
2023,2,33,75,70,151000
2023,2,33,75,70,140000
2023,3,74,75,70,220000
2023,3,74,75,70,170000
2023,0,9,30,29,7000
2023,0,7,20,20,42923
2023,3,33,11,12,160000
2023,3,33,11,12,145000
2023,2,25,75,70,154000
2023,2,25,75,70,143000
2023,2,47,29,28,78990
2023,2,47,29,28,51039
2023,0,47,75,70,190000
2023,0,47,75,70,120000
2023,2,47,29,28,85066
2023,2,47,29,28,109371
2023,2,47,29,28,72914
2023,3,33,75,70,111000
2023,1,33,75,70,265000
2023,1,33,75,70,235000
2023,0,47,13,14,121093
2022,2,47,20,20,73546
2023,2,33,75,70,75000
2023,2,33,75,70,60400
2022,3,64,37,36,172309
2023,2,47,4,20,60093
2023,2,25,75,70,83500
2023,2,25,75,70,52500
2023,3,47,75,70,201036
2023,3,47,75,70,134024
2023,3,25,75,70,165000
2023,3,25,75,70,140000
2023,0,33,75,70,62000
2023,0,33,75,70,58000
2023,3,47,75,70,172000
2023,3,47,75,70,115000
2023,0,33,75,70,125000
2023,0,33,75,70,90000
2023,3,33,75,70,163800
2023,3,33,75,70,126000
2023,2,33,75,70,90000
2023,3,33,75,70,139500
2023,3,33,75,70,109400
2023,2,33,75,70,145000
2023,2,33,75,70,120000
2023,3,33,75,70,205600
2023,3,33,75,70,105700
2023,3,47,75,70,239748
2023,3,47,75,70,159832
2023,3,47,75,70,186300
2023,3,47,75,70,102500
2023,3,47,75,70,126000
2023,3,31,75,70,149040
2023,3,31,75,70,113900
2023,3,33,75,70,153600
2023,3,33,75,70,106800
2023,3,33,75,70,172600
2023,3,33,75,70,107900
2023,3,25,75,70,180180
2023,3,25,75,70,106020
2023,3,31,75,70,376080
2023,3,31,75,70,213120
2023,3,25,75,70,206500
2023,3,25,75,70,121600
2023,3,33,75,70,260000
2023,3,33,75,70,225000
2023,1,33,75,70,194500
2023,1,33,75,70,115500
2023,3,21,75,70,170000
2023,3,7,75,70,90000
2023,0,25,75,70,95000
2023,0,25,75,70,70000
2023,3,33,75,70,275000
2023,3,25,75,70,115934
2023,3,25,75,70,81666
2023,3,69,75,70,150000
2023,3,69,75,70,120000
2023,3,88,75,70,200000
2023,3,88,75,70,175000
2023,2,25,75,70,206000
2023,2,25,75,70,130000
2023,3,31,29,28,138000
2023,3,31,29,28,92000
2023,3,37,16,17,65000
2023,3,37,16,17,48000
2023,3,25,75,70,110000
2023,3,4,75,70,130000
2023,3,4,75,70,87000
2023,2,25,75,70,160000
2023,2,25,75,70,112000
2023,3,45,75,70,299500
2023,3,45,75,70,245100
2023,2,47,75,70,145000
2023,2,47,75,70,100000
2023,3,33,75,70,147100
2023,0,33,75,70,115100
2023,0,33,75,70,73900
2023,3,33,75,70,168400
2023,3,33,75,70,105200
2023,2,25,75,70,100000
2023,2,33,29,28,85066
2023,2,33,29,28,57723
2023,2,33,75,70,95000
2023,2,57,75,70,130000
2023,3,47,75,70,205000
2023,3,89,75,70,141288
2023,3,89,75,70,94192
2023,3,34,75,70,184000
2023,3,34,75,70,143000
2023,3,25,75,70,55000
2023,3,4,75,70,275300
2023,3,4,75,70,183500
2023,2,25,75,70,75000
2023,2,25,75,70,65000
2023,2,66,75,70,160000
2023,2,66,75,70,147000
2023,2,90,68,64,75020
2023,2,47,39,38,17022
2023,0,2,39,6,70000
2023,0,1,67,63,80000
2023,2,62,39,38,18238
2023,2,69,75,70,150000
2023,1,33,75,70,210914
2023,1,33,75,70,116704
2023,0,89,75,70,150000
2023,0,89,75,70,100000
2023,0,25,75,70,60000
2023,2,4,75,70,185700
2023,2,4,75,70,165000
2023,3,25,75,70,169000
2023,3,25,75,70,110600
2023,3,40,75,70,193000
2023,3,40,75,70,136850
2023,3,69,75,70,139500
2023,3,69,75,70,109400
2023,3,33,75,70,276000
2023,3,33,75,70,178500
2023,2,47,26,25,59020
2023,2,47,26,25,48289
2023,2,33,69,65,75116
2023,2,33,69,65,48289
2023,3,69,29,28,195652
2023,3,69,29,28,101228
2023,3,33,29,28,136956
2023,3,33,29,28,101228
2022,3,14,75,70,130000
2021,2,44,75,70,150000
2023,3,66,11,12,260000
2023,3,66,11,12,110000
2023,3,4,75,70,170000
2023,3,4,75,70,130000
2023,3,69,75,70,163800
2023,3,69,75,70,126000
2023,2,47,75,70,128750
2023,2,47,75,70,106250
2023,1,33,75,70,167500
2023,1,33,75,70,106500
2023,3,31,75,70,188500
2023,3,31,75,70,117000
2023,3,25,75,70,250000
2023,3,25,75,70,138000
2023,2,25,11,12,130000
2023,2,25,11,12,100000
2023,3,52,20,20,123405
2023,3,11,75,70,160000
2023,3,11,75,70,135000
2023,2,45,75,70,104500
2023,2,45,75,70,70000
2023,2,42,75,70,90000
2023,2,42,75,70,70000
2023,2,89,75,70,185000
2023,2,89,75,70,125000
2023,3,25,75,70,127000
2023,3,25,75,70,94000
2023,3,47,75,70,210550
2023,3,47,75,70,153300
2023,2,47,75,70,200000
2023,2,47,75,70,150000
2023,3,25,75,70,161500
2023,3,25,75,70,119500
2023,3,47,75,70,148750
2023,3,30,75,70,105000
2023,3,30,75,70,85000
2023,3,89,75,70,215000
2023,3,89,75,70,146300
2023,0,1,20,20,214618
2023,2,33,54,51,72000
2023,2,33,54,51,60000
2023,3,69,75,70,153400
2023,3,69,75,70,122700
2023,2,33,75,70,260000
2023,2,33,75,70,175000
2023,3,47,75,70,123900
2023,2,89,75,70,340000
2023,2,89,75,70,150000
2023,2,33,75,70,250000
2023,2,47,28,27,64385
2023,3,25,75,70,185900
2023,3,25,75,70,121700
2023,3,90,56,6,50000
2023,0,25,76,70,100000
2023,1,33,75,70,310000
2023,1,33,75,70,239000
2023,3,25,75,70,125000
2023,3,25,75,70,110000
2023,0,25,75,70,150000
2023,0,25,75,70,100000
2023,3,47,75,70,149076
2023,3,47,75,70,82365
2023,2,25,29,28,97218
2023,2,25,29,28,48609
2023,3,25,75,70,95000
2023,3,25,75,70,85500
2023,2,47,75,70,97750
2023,3,47,75,70,201000
2023,3,47,75,70,122000
2023,2,47,75,70,116990
2023,2,47,75,70,82920
2023,2,74,75,70,200000
2023,2,74,75,70,125000
2023,3,69,75,70,204500
2023,3,69,75,70,142200
2023,3,37,75,70,155000
2023,3,37,75,70,140000
2023,2,70,75,70,205920
2023,2,70,75,70,171600
2023,3,33,75,70,121500
2023,3,33,75,70,78000
2023,2,33,75,70,154000
2023,2,33,75,70,116000
2023,3,47,75,70,136000
2023,2,25,29,28,78990
2023,2,25,29,28,43809
2023,3,25,75,70,180000
2023,3,33,75,70,170000
2023,3,33,75,70,154000
2023,3,33,75,70,116000
2023,2,33,75,70,200000
2023,3,47,75,70,160000
2023,2,33,29,28,127599
2023,2,33,29,28,103294
2023,3,33,75,70,153600
2023,3,33,75,70,106800
2023,3,47,75,70,156400
2023,3,4,75,70,150000
2023,3,4,75,70,120000
2023,3,25,75,70,145000
2023,3,47,75,70,260000
2023,0,25,39,38,30000
2023,2,89,75,70,185000
2023,2,89,75,70,125000
2022,0,25,75,70,34320
2022,2,17,10,10,9289
2023,3,58,63,60,75116
2022,1,45,76,62,106000
2023,3,25,75,70,175000
2023,3,25,75,70,122000
2023,3,25,75,70,93800
2023,3,45,54,51,150000
2023,3,45,54,51,90000
2023,0,23,75,70,220000
2023,3,12,20,20,71897
2023,0,1,20,20,64385
2023,3,25,39,38,15806
2023,2,69,75,70,200000
2023,2,69,75,70,175000
2023,2,47,28,27,40000
2023,3,42,71,67,29453
2023,3,47,75,70,136000
2023,3,47,75,70,104000
2023,3,25,75,70,152380
2023,3,25,75,70,121904
2023,3,31,75,70,168400
2023,3,31,75,70,105200
2023,3,69,75,70,128280
2023,3,69,75,70,106900
2022,3,64,75,70,192000
2023,2,33,75,70,100000
2023,3,88,20,20,107309
2023,3,88,20,20,85847
2023,3,69,20,20,275000
2023,3,69,20,20,174000
2023,3,25,75,70,170500
2023,3,25,75,70,85000
2023,3,37,29,28,72946
2023,3,37,29,28,54365
2023,1,59,29,28,160288
2023,1,59,29,28,127467
2023,3,33,75,70,80000
2023,3,33,75,70,65000
2023,3,33,75,70,124740
2023,3,33,75,70,65488
2023,3,41,75,70,72200
2023,3,41,75,70,64980
2023,3,25,75,70,179975
2023,3,25,75,70,86466
2023,3,33,75,70,90000
2023,2,61,29,28,51039
2023,2,61,29,28,42533
2023,3,45,75,70,175000
2023,3,45,75,70,120000
2023,3,25,75,70,230000
2023,3,37,75,70,120000
2023,3,70,75,70,205920
2023,3,70,75,70,171600
2023,3,33,75,70,265000
2023,2,6,75,70,130000
2022,0,47,75,70,168000
2023,2,3,26,25,38631
2023,3,33,75,70,167580
2023,3,33,75,70,87980
2023,3,33,75,70,202000
2023,3,33,75,70,135000
2023,3,33,75,70,104000
2023,3,33,75,70,65000
2023,3,88,75,70,230000
2023,3,88,75,70,148000
2023,3,69,11,12,269000
2023,3,69,11,12,158000
2023,3,4,75,70,197000
2023,3,4,75,70,106000
2023,2,51,75,70,150000
2023,2,51,75,70,100000
2023,3,33,75,70,290000
2023,3,33,75,70,210000
2023,3,33,75,70,192000
2023,3,33,75,70,172800
2023,3,47,75,70,300240
2023,3,47,75,70,200160
2023,3,4,75,70,175000
2023,3,4,75,70,140000
2023,3,37,75,70,169000
2023,3,37,75,70,100000
2023,3,47,75,70,370000
2023,2,33,29,28,115447
2023,3,25,75,70,110000
2023,3,25,75,70,80000
2023,0,25,75,70,55000
2023,0,25,75,70,48000
2023,3,25,75,70,85000
2023,3,33,75,70,137500
2023,3,33,75,70,81500
2023,3,69,75,70,323300
2023,3,69,75,70,184700
2021,2,3,30,29,30000
2023,3,69,75,70,186000
2023,3,69,75,70,153088
2023,2,34,75,70,190000
2023,2,34,75,70,160000
2023,3,69,75,70,200000
2023,2,34,75,70,190000
2023,2,34,75,70,183310
2023,3,69,75,70,240000
2023,3,69,75,70,180000
2023,3,33,75,70,144000
2023,3,33,75,70,66000
2023,2,69,75,70,148500
2023,2,69,75,70,126277
2023,3,31,75,70,228000
2023,3,31,75,70,120000
2023,3,75,75,70,180000
2023,3,75,75,70,90000
2023,3,47,75,70,126500
2023,3,47,75,70,78000
2023,3,33,75,70,180000
2023,3,75,75,70,272000
2023,3,75,75,70,170000
2023,2,25,75,70,80000
2023,2,25,75,70,60000
2023,3,33,75,70,259000
2023,3,33,75,70,146000
2023,3,47,75,70,139500
2023,2,33,75,70,140000
2023,2,33,75,70,120000
2023,2,25,34,33,109371
2023,2,25,34,33,72914
2023,0,25,61,38,17779
2023,0,47,10,10,19522
2023,3,44,75,70,247500
2023,3,44,75,70,172200
2023,3,70,28,27,107309
2023,3,70,28,27,75116
2023,3,69,75,70,288000
2023,3,69,75,70,140000
2023,2,44,29,28,72914
2023,2,44,29,28,60761
2023,3,47,75,70,215050
2023,3,47,75,70,156400
2023,3,31,75,70,198000
2023,3,31,75,70,114000
2023,3,47,75,70,209300
2023,3,47,75,70,182200
2022,0,47,75,70,85000
2023,2,69,29,28,48609
2023,0,88,29,28,120000
2023,0,88,29,28,60000
2023,3,69,75,70,147100
2023,3,69,75,70,90700
2023,3,25,75,70,227000
2023,3,25,75,70,108000
2023,3,31,75,70,160000
2023,3,25,26,25,55800
2023,3,25,26,25,51508
2023,0,25,75,70,60000
2023,0,25,46,70,50000
2023,3,33,75,70,226700
2023,3,33,75,70,133300
2023,3,15,29,28,151902
2023,0,47,39,38,9727
2023,3,25,75,70,52500
2023,3,33,75,70,250000
2023,3,33,75,70,162500
2023,2,25,75,70,165000
2023,2,25,75,70,124000
2023,3,33,75,70,63000
2023,3,89,26,25,253750
2023,3,89,26,25,169200
2023,2,47,75,70,170000
2023,2,47,75,70,120000
2023,3,33,75,70,213580
2023,3,33,75,70,163625
2023,0,33,77,71,12000
2022,3,75,75,70,375000
2023,3,33,37,36,101943
2023,2,86,39,38,16414
2023,3,69,75,70,220000
2023,1,33,75,70,210000
2023,3,45,75,70,231250
2023,3,45,75,70,138750
2023,3,69,75,70,284310
2023,3,69,75,70,153090
2023,2,25,75,70,125000
2023,2,25,75,70,105000
2023,2,25,29,28,109371
2023,2,25,29,28,85066
2023,0,25,75,70,100000
2023,3,44,75,70,225900
2023,3,44,75,70,156400
2023,3,25,75,70,385000
2023,3,25,75,70,60000
2023,2,25,75,70,95000
2023,3,47,75,70,135000
2023,3,25,75,70,93919
2023,3,25,75,70,51962
2023,3,33,75,70,241871
2023,3,33,75,70,133832
2023,3,47,75,70,90000
2023,3,25,75,70,192500
2023,2,69,54,51,36000
2023,3,89,75,70,370000
2023,3,47,75,70,235000
2023,2,69,29,28,121523
2023,2,69,29,28,97218
2023,3,47,75,70,216100
2023,3,47,75,70,140800
2023,2,69,29,28,145828
2023,3,24,57,12,53654
2023,0,47,75,70,110000
2023,2,33,29,28,66837
2023,2,33,29,28,63192
2023,2,25,29,28,60761
2023,1,33,75,70,284000
2023,1,33,75,70,236000
2023,3,89,11,12,248100
2023,3,89,11,12,145900
2023,3,88,75,70,155850
2023,3,88,75,70,102544
2023,2,47,75,70,151410
2023,2,47,75,70,115360
2023,2,33,26,25,66531
2023,2,33,26,25,59020
2023,3,53,11,12,125686
2023,3,10,57,54,100000
2023,0,47,39,38,12767
2023,3,47,29,28,185000
2023,3,47,29,28,120250
2023,0,33,20,20,26827
2022,0,47,75,70,180000
2023,2,89,75,70,85000
2023,2,89,75,70,70000
2023,3,14,75,70,135000
2023,3,14,75,70,100000
2023,1,29,75,70,155000
2023,1,29,75,70,140000
2023,3,47,75,70,225000
2023,3,66,75,70,220000
2023,3,66,75,70,150000
2023,3,29,75,70,204500
2023,3,29,75,70,138900
2023,3,33,75,70,107000
2022,2,89,39,38,23000
2023,2,69,75,70,110000
2023,3,33,75,70,265000
2023,3,33,75,70,182750
2023,3,33,75,70,137500
2023,1,59,75,70,314100
2023,1,59,75,70,195800
2023,3,8,75,70,205000
2023,3,8,75,70,180000
2023,3,47,75,70,165000
2023,3,47,75,70,144000
2023,0,14,75,70,160000
2023,0,14,75,70,100000
2023,1,33,75,70,200000
2023,2,25,75,70,150000
2023,3,37,75,70,199000
2023,3,37,75,70,112000
2023,0,16,67,63,130000
2023,0,33,75,70,160000
2023,0,33,75,70,135000
2023,3,47,75,70,183000
2023,3,47,75,70,134000
2023,3,8,75,70,350000
2023,3,8,75,70,262500
2023,3,25,75,70,122000
2023,3,25,75,70,94000
2023,3,69,75,70,276000
2023,3,69,75,70,184000
2023,2,69,75,70,180000
2023,2,69,75,70,150000
2023,3,47,75,70,209450
2023,3,47,75,70,158677
2023,2,25,75,70,103200
2023,2,25,75,70,61200
2022,2,47,75,70,155000
2021,0,78,68,64,66970
2023,3,47,18,23,63312
2023,3,47,75,70,240000
2023,3,47,75,70,139000
2023,3,31,75,70,174500
2023,3,31,75,70,113000
2023,3,25,75,70,87000
2023,3,25,75,70,160000
2023,3,25,75,70,108000
2023,3,33,75,70,107250
2023,3,33,75,70,300000
2023,3,33,75,70,119000
2023,3,47,75,70,285800
2023,3,47,75,70,154600
2023,2,59,39,38,60795
2023,0,25,2,70,30000
2023,2,45,75,70,220000
2023,2,45,75,70,195000
2023,3,37,75,70,168400
2023,3,4,75,70,200000
2023,3,4,75,70,175000
2023,3,4,75,70,231250
2023,3,4,75,70,138750
2023,3,33,11,12,153000
2023,3,33,11,12,94000
2023,3,33,75,70,90000
2023,0,47,75,70,124234
2023,0,47,75,70,74540
2023,2,25,75,70,109000
2023,2,25,75,70,79000
2022,3,69,28,27,84053
2023,2,69,1,2,50000
2023,3,25,75,70,125600
2023,3,25,75,70,141290
2023,3,25,75,70,74178
2023,3,33,75,70,85000
2023,3,33,75,70,220000
2023,3,33,75,70,205600
2023,3,33,75,70,107500
2023,0,47,39,38,12888
2023,2,25,75,70,52500
2023,3,47,75,70,84000
2023,3,11,75,70,125000
2023,3,11,75,70,110000
2023,3,66,75,70,200000
2023,3,66,75,70,135000
2022,0,17,75,70,48000
2023,0,1,6,7,120000
2023,3,33,75,70,170000
2023,2,33,75,70,150000
2023,3,23,75,70,200000
2023,2,5,45,43,80000
2023,0,17,31,30,12877
2022,0,1,52,49,6304
2023,2,28,39,64,17509
2023,3,47,75,70,257000
2023,3,47,49,46,77262
2023,3,47,49,46,38631
2023,3,14,75,70,140000
2023,3,14,75,70,110000
2023,3,89,75,70,151800
2023,2,47,64,61,53654
2023,3,25,26,25,51508
2023,3,25,26,25,40777
2023,2,33,75,70,95000
2023,3,47,75,70,130000
2023,2,25,75,70,120000
2023,2,25,75,70,100000
2023,2,47,75,70,183310
2023,3,25,75,70,102500
2023,3,47,75,70,185000
2023,3,42,75,70,122000
2023,3,42,75,70,94000
2023,3,47,75,70,220000
2023,3,47,75,70,146000
2023,2,47,71,67,24740
2022,2,23,39,38,15897
2023,3,42,75,70,145000
2023,3,42,75,70,128000
2023,3,47,75,70,182000
2023,3,33,75,70,122000
2023,3,33,75,70,94000
2023,3,69,49,46,77262
2023,3,69,49,46,38631
2023,1,47,75,70,300000
2023,2,25,75,70,135000
2023,2,25,75,70,105500
2022,2,47,75,70,110000
2023,3,47,75,70,168000
2023,2,25,29,28,78990
2023,2,25,29,28,43809
2023,3,47,75,70,153400
2023,3,47,75,70,122700
2023,3,47,75,70,205000
2023,2,69,75,70,145000
2023,2,69,75,70,87000
2023,0,47,39,70,50000
2023,3,66,75,70,234100
2023,3,66,75,70,203500
2023,3,47,75,70,223800
2023,3,47,75,70,172100
2023,3,33,75,70,232200
2023,3,33,75,70,167200
2023,3,14,75,70,197000
2023,3,14,75,70,106000
2023,3,89,75,70,180000
2023,3,89,75,70,145000
2023,3,35,75,70,225000
2023,3,35,75,70,200000
2023,3,33,75,70,114000
2023,3,33,75,70,291500
2023,1,33,75,70,196200
2023,1,33,75,70,150900
2023,3,47,75,70,168400
2023,3,47,75,70,105200
2023,2,33,26,25,95000
2023,2,33,26,25,80000
2023,2,25,75,70,116000
2023,2,25,75,70,72000
2023,3,4,75,70,207000
2023,3,4,75,70,167000
2023,3,69,75,70,145000
2023,3,69,75,70,135000
2023,2,33,75,70,105000
2023,2,33,75,70,70000
2023,3,33,75,70,133800
2023,3,33,75,70,96100
2023,2,25,75,70,120000
2023,3,43,75,70,140000
2023,3,43,75,70,100000
2023,3,89,75,70,120000
2023,3,21,75,70,140000
2023,3,21,75,70,115000
2023,3,45,75,70,297300
2023,3,45,75,70,198200
2023,2,69,75,70,219000
2023,3,8,75,70,230000
2023,3,8,75,70,196000
2023,3,33,75,70,110000
2023,3,8,75,70,126100
2023,3,8,75,70,72000
2023,2,69,75,70,175000
2023,2,69,75,70,140000
2023,3,25,75,70,240500
2023,3,25,75,70,137500
2023,2,47,75,70,187500
2023,2,47,75,70,165000
2023,2,72,29,28,72914
2022,0,25,26,70,25216
2023,3,89,75,70,165750
2023,3,74,75,70,225000
2023,3,74,75,70,165750
2023,2,69,29,28,109006
2023,2,69,29,28,67141
2023,3,47,75,70,115000
2023,3,79,75,70,275000
2023,3,79,75,70,175000
2023,3,33,75,70,175308
2023,3,33,75,70,100706
2023,3,79,75,70,235000
2023,3,79,75,70,135000
2023,3,33,75,70,310000
2023,3,33,75,70,229000
2023,3,66,75,70,289076
2023,3,66,75,70,202353
2023,3,33,63,60,69751
2023,3,33,63,60,37558
2023,2,88,75,70,120000
2023,2,88,75,70,100000
2021,3,47,39,38,54094
2022,2,17,39,38,18314
2023,3,33,75,70,231250
2023,3,33,75,70,138750
2023,3,33,75,70,199000
2023,3,33,75,70,162000
2022,0,47,75,70,100000
2023,0,51,75,70,150000
2023,0,51,75,70,120000
2023,3,88,75,70,150000
2023,3,88,75,70,100000
2022,3,29,57,54,133000
2023,3,47,75,70,272550
2023,3,47,75,70,198200
2023,2,47,75,70,105000
2023,3,33,75,70,187500
2023,3,25,75,70,155000
2023,3,25,75,70,64000
2023,3,23,75,70,235000
2023,3,23,75,70,185000
2023,3,47,11,12,143100
2023,3,47,11,12,113000
2023,3,8,75,70,142000
2023,3,47,75,70,180560
2023,3,47,75,70,115440
2023,3,89,75,70,248100
2023,3,89,75,70,145900
2023,3,47,11,12,120000
2023,3,47,11,12,110000
2023,2,69,29,28,75344
2023,2,69,29,28,63192
2023,3,33,75,70,161800
2023,3,33,75,70,141600
2023,2,69,29,28,58331
2023,2,69,29,28,46178
2023,3,33,75,70,128000
2023,3,31,75,70,110000
2023,3,33,75,70,236000
2023,3,33,75,70,182000
2022,2,25,39,38,14307
2022,0,47,75,70,130000
2023,3,69,75,70,261500
2023,3,69,75,70,134500
2022,2,47,39,38,13989
2023,2,47,75,70,130000
2023,2,47,75,70,90000
2022,3,76,75,70,125000
2022,3,33,75,70,175000
2022,3,33,75,70,155000
2022,3,33,75,70,153600
2022,3,33,75,70,106800
2022,3,47,75,70,150000
2022,3,47,75,70,140000
2022,3,42,75,70,122000
2022,3,42,75,70,94500
2022,3,33,75,70,170000
2022,3,33,75,70,130000
2022,3,42,75,70,145000
2022,3,42,75,70,128000
2022,3,33,75,70,145000
2022,3,33,75,70,100000
2022,3,33,75,70,120000
2022,3,33,75,70,115000
2022,3,7,75,70,150000
2022,2,25,75,70,150000
2022,2,25,75,70,100000
2022,2,47,75,70,150000
2022,2,47,75,70,127500
2022,3,47,75,70,126500
2022,3,47,75,70,51000
2022,2,33,75,70,260000
2022,2,33,75,70,175000
2022,0,5,5,57,40000
2022,0,2,60,6,40000
2022,3,33,75,70,250000
2022,3,33,75,70,63000
2022,3,69,75,70,210000
2022,3,69,75,70,160000
2022,3,47,75,70,272550
2022,3,47,75,70,198200
2022,2,47,28,27,94560
2022,2,47,28,27,52533
2022,3,47,75,70,220000
2022,3,47,75,70,146000
2022,3,75,11,12,248400
2022,3,75,11,12,183600
2022,2,33,75,70,150000
2022,0,68,60,6,40000
2022,3,64,39,38,56723
2022,2,33,75,70,120000
2022,2,33,75,70,95000
2022,0,33,75,70,160000
2022,0,33,75,70,135000
2022,0,42,42,41,24165
2022,3,33,75,70,216000
2022,3,33,75,70,144000
2022,0,33,75,70,85000
2022,0,33,75,70,65000
2022,3,25,75,70,149000
2022,3,25,75,70,119000
2022,3,47,75,70,120000
2022,2,47,75,70,150000
2022,2,47,75,70,110000
2022,3,69,75,70,246000
2022,3,69,75,70,201000
2022,3,47,75,70,190000
2022,3,47,75,70,155000
2022,3,66,75,70,235000
2022,3,66,75,70,185000
2022,3,21,75,70,190000
2022,3,21,75,70,160000
2022,0,86,75,70,100000
2022,2,33,75,70,130000
2022,2,33,75,70,115000
2022,2,47,29,28,92350
2022,2,47,29,28,67723
2022,2,33,75,70,105000
2022,2,33,75,70,70000
2022,3,69,75,70,204500
2022,3,69,75,70,142200
2022,3,69,75,70,192000
2022,3,69,75,70,164000
2022,3,33,75,70,185900
2022,3,33,75,70,129300
2022,3,33,75,70,75000
2022,3,45,75,70,175000
2022,3,45,75,70,120000
2022,3,33,75,70,167500
2022,3,33,75,70,106500
2022,2,25,75,70,75000
2022,2,25,75,70,60000
2022,3,8,75,70,184000
2022,3,8,75,70,142000
2022,2,47,75,70,145000
2022,2,47,75,70,100000
2022,0,75,50,47,10000
2022,2,47,39,70,31795
2022,2,79,61,58,44365
2022,1,33,75,70,200000
2022,1,33,75,70,145000
2022,2,33,29,28,92350
2022,2,33,29,28,73880
2022,3,8,75,70,192000
2022,3,8,75,70,164000
2022,1,33,75,70,310000
2022,1,33,75,70,239000
2022,3,25,75,70,120000
2022,3,25,75,70,95000
2022,3,69,75,70,145000
2022,3,69,75,70,135000
2022,3,33,75,70,78000
2022,3,33,26,25,73546
2022,3,33,26,25,36773
2022,2,33,75,70,160000
2022,2,33,75,70,120000
2022,2,33,39,38,35610
2022,3,3,16,17,125000
2022,3,33,75,70,95000
2022,3,47,26,25,47280
2022,3,47,26,25,37824
2022,3,25,75,70,115934
2022,3,25,75,70,81666
2022,3,47,75,70,175000
2022,3,47,75,70,140000
2022,3,88,75,70,249500
2022,3,88,75,70,149850
2022,2,4,75,70,122500
2022,2,4,75,70,100000
2022,3,47,75,70,249500
2022,3,47,75,70,149850
2022,0,25,75,70,55000
2022,0,25,75,70,48000
2022,3,89,75,70,249500
2022,3,89,75,70,149850
2022,2,23,28,27,58837
2022,3,33,75,70,190000
2022,3,33,75,70,120000
2022,3,25,75,70,127000
2022,3,25,75,70,104000
2022,3,47,75,70,210000
2022,3,47,75,70,150000
2022,3,69,75,70,150000
2022,3,33,75,70,210000
2022,3,33,75,70,130000
2022,3,47,75,70,182750
2022,3,47,75,70,161500
2022,2,25,75,70,102640
2022,2,25,75,70,66100
2022,3,89,75,70,210000
2022,3,89,75,70,150000
2022,3,33,75,70,198800
2022,3,33,75,70,122600
2022,2,33,75,70,130000
2022,2,33,75,70,80000
2022,3,47,75,70,136000
2022,3,47,75,70,104000
2022,3,25,75,70,150000
2022,3,25,75,70,100000
2022,1,47,75,70,159000
2022,1,47,75,70,130000
2022,3,33,75,70,215000
2022,3,33,75,70,150000
2022,2,33,75,70,187000
2022,2,33,75,70,153000
2022,3,69,54,51,255000
2022,3,69,54,51,185000
2022,2,25,29,28,430967
2022,2,25,29,28,55410
2022,3,25,26,25,50432
2022,3,25,26,25,39925
2022,3,25,75,70,169000
2022,3,25,75,70,110600
2022,0,12,20,20,60938
2022,3,14,75,70,140000
2022,3,14,75,70,120000
2022,3,0,11,1,10000
2022,0,25,75,70,50000
2022,2,67,75,70,134000
2022,2,67,75,70,124000
2022,3,25,75,70,166700
2022,3,25,75,70,119000
2022,0,47,75,70,124234
2022,0,47,75,70,74540
2022,2,25,75,70,100000
2022,2,25,75,70,65000
2021,2,25,39,38,16904
2022,0,3,11,12,200000
2022,0,69,2,3,12000
2022,3,33,75,70,220000
2022,3,33,75,70,146000
2022,3,33,26,25,68293
2022,3,49,75,70,110000
2022,3,49,75,70,70000
2022,3,31,75,70,190000
2022,3,31,75,70,135000
2022,3,47,75,70,128000
2022,3,47,75,70,81500
2022,3,47,75,70,173000
2022,3,47,75,70,110000
2022,3,69,75,70,192000
2022,3,69,75,70,120000
2022,3,85,75,70,190000
2022,3,33,75,70,194000
2022,3,33,75,70,129400
2022,3,25,75,70,201000
2022,3,25,75,70,89200
2022,3,47,75,70,165000
2022,3,47,75,70,125000
2022,3,8,75,70,230000
2022,3,8,75,70,196000
2022,2,69,75,70,130000
2022,2,69,75,70,90000
2022,2,73,75,70,150000
2022,2,73,75,70,100000
2022,2,69,75,70,230000
2022,2,69,75,70,150000
2022,2,73,75,70,130000
2022,2,47,75,70,180000
2022,2,47,75,70,120000
2022,3,25,75,70,192500
2022,3,25,75,70,140000
2022,3,33,75,70,152500
2022,3,25,75,70,65000
2022,3,25,75,70,55000
2022,3,33,75,70,178750
2022,3,33,75,70,160000
2022,2,47,28,27,63040
2022,2,74,75,70,165000
2022,2,74,75,70,135000
2022,3,4,75,70,170000
2022,3,4,75,70,125000
2022,3,33,75,70,105000
2022,3,33,75,70,70000
2022,3,47,75,70,130000
2022,3,47,75,70,95000
2022,3,47,75,70,203500
2022,3,47,75,70,152000
2022,3,33,75,70,197430
2022,3,33,75,70,134760
2022,2,47,75,70,120000
2022,3,33,75,70,197000
2022,3,33,75,70,99000
2022,3,33,75,70,162000
2022,2,33,47,44,110446
2022,2,33,47,44,79178
2022,2,42,29,28,70186
2022,2,42,29,28,51716
2022,3,31,75,70,149040
2022,3,31,75,70,113900
2020,2,17,75,70,95000
2021,3,25,75,70,115000
2022,3,25,75,6,171000
2022,0,27,2,3,13000
2022,0,26,7,70,50000
2022,3,47,75,70,185900
2022,3,47,75,70,129300
2022,3,33,75,70,230000
2022,3,33,75,70,154600
2022,2,33,75,70,75000
2022,3,33,75,70,213000
2022,3,33,75,70,152000
2022,3,47,75,70,120000
2022,3,47,75,70,110000
2022,3,47,75,70,70000
2022,3,75,11,12,227200
2022,3,75,11,12,168000
2021,0,0,3,4,20000
2022,2,47,20,20,64090
2022,2,47,20,20,60938
2022,3,66,75,70,243000
2022,3,66,75,70,183000
2022,3,33,75,70,150000
2022,2,47,75,70,130000
2022,2,47,75,70,90000
2022,2,25,75,70,165000
2022,2,25,75,70,124000
2022,3,33,11,12,178000
2022,3,33,11,12,132000
2022,3,33,75,70,300000
2022,3,25,75,70,116000
2022,3,25,75,70,96000
2022,3,25,29,28,92350
2022,3,25,29,28,70186
2022,3,25,75,70,105000
2022,3,25,75,70,70000
2022,2,73,11,12,105236
2022,3,25,75,70,100000
2022,0,69,75,70,189750
2022,0,69,75,70,140250
2022,3,25,75,70,130000
2022,2,25,75,70,160000
2022,2,25,75,70,109000
2022,3,88,75,70,250000
2022,3,88,75,70,150000
2022,2,25,75,70,206000
2022,3,33,75,70,135000
2022,3,69,28,27,115573
2022,3,69,28,27,73546
2022,3,33,26,25,42026
2022,3,33,75,70,191200
2022,0,72,20,20,66192
2022,0,0,75,18,50000
2022,3,33,75,70,230000
2022,3,33,75,70,154600
2022,2,25,75,70,80000
2022,3,4,75,70,135000
2022,3,4,75,70,110000
2022,2,29,75,70,155000
2022,2,29,75,70,140000
2022,3,33,75,70,205000
2022,3,33,75,70,179500
2022,3,33,75,70,134000
2022,3,47,75,70,145000
2022,3,31,75,70,235000
2022,3,31,75,70,175000
2022,0,42,26,25,27317
2022,2,33,75,70,90000
2022,2,49,75,70,165000
2022,2,49,75,70,135000
2022,3,33,75,70,168400
2022,3,33,75,70,105200
2022,2,51,29,28,86193
2022,2,51,29,28,49253
2022,3,33,75,70,200000
2022,3,47,75,70,198800
2022,3,47,75,70,122600
2022,0,69,41,40,100000
2022,2,12,28,27,105066
2022,2,4,29,28,104663
2022,2,4,29,28,73880
2022,3,33,75,70,125000
2022,3,33,75,70,110000
2022,3,47,75,70,148000
2022,3,47,75,70,107000
2022,2,25,11,12,100000
2022,2,25,11,12,65000
2022,3,33,63,60,63040
2022,3,33,63,60,36773
2022,3,45,75,70,299500
2022,3,45,75,70,245100
2022,3,47,75,70,168000
2022,3,47,75,70,130000
2022,2,33,75,70,161000
2022,2,33,75,70,118000
2022,3,8,75,70,205000
2022,3,45,75,70,247500
2022,3,45,75,70,172200
2022,3,36,42,41,68293
2022,3,25,75,70,177000
2022,3,25,75,70,131000
2022,3,33,75,70,146000
2022,3,33,75,70,102000
2022,2,33,75,70,80000
2022,2,33,75,70,65000
2022,3,33,29,28,61566
2022,3,33,29,28,43096
2022,2,33,75,70,175000
2022,2,33,75,70,135000
2022,0,47,75,70,80000
2022,3,33,75,70,231250
2022,3,33,75,70,138750
2022,3,4,75,70,193750
2022,3,4,75,70,116250
2022,3,4,75,70,231250
2022,3,4,75,70,138750
2022,3,33,75,70,193750
2022,3,33,75,70,116250
2022,3,47,75,70,208000
2022,3,47,75,70,127000
2022,3,89,75,70,300000
2022,3,89,75,70,196000
2021,2,9,3,11,45555
2022,3,47,75,70,205000
2022,3,47,75,70,185000
2022,3,69,75,70,247500
2022,3,69,75,70,172200
2022,3,25,75,70,110000
2022,0,47,35,34,17684
2022,3,46,75,70,375000
2022,3,47,75,70,225000
2022,3,47,75,70,156400
2022,2,69,29,28,104663
2022,2,69,29,28,80036
2022,3,47,75,70,140700
2022,3,47,75,70,93800
2022,3,47,75,70,350000
2022,3,47,75,70,135000
2022,0,11,54,70,12000
2022,2,69,13,14,104697
2022,0,68,42,20,33000
2022,0,74,42,20,34672
2022,3,69,75,70,201000
2022,3,69,75,70,119000
2022,3,33,75,70,175000
2022,3,25,75,70,154560
2022,3,25,75,70,123648
2022,2,33,75,70,170000
2022,2,33,75,70,145000
2022,3,33,75,70,135000
2022,3,33,75,70,100000
2022,3,47,75,70,247500
2022,3,47,75,70,172200
2022,3,47,75,70,177500
2022,3,47,75,70,134000
2022,3,31,75,70,192564
2022,3,31,75,70,144854
2022,3,33,75,70,179305
2022,3,33,75,70,142127
2022,3,33,75,70,315000
2022,3,33,75,70,225000
2022,3,47,75,70,243900
2022,3,47,75,70,156600
2022,2,25,75,70,79000
2022,2,48,4,5,89306
2022,3,33,75,70,182500
2022,3,33,75,70,128500
2022,0,37,75,70,77300
2022,0,37,75,70,45600
2022,3,25,75,70,110000
2022,3,31,75,70,210000
2022,3,31,75,70,136000
2022,3,20,70,66,12608
2022,3,33,75,70,170000
2022,3,33,75,70,140000
2022,3,33,75,70,247500
2022,3,33,75,70,172200
2022,3,33,75,70,225000
2022,3,33,75,70,184100
2022,2,47,75,70,100000
2022,2,47,75,70,85000
2022,2,47,75,70,78000
2022,3,33,75,70,161000
2022,1,58,75,70,205000
2022,1,58,75,70,160000
2022,0,33,29,28,61566
2022,0,33,29,28,49253
2022,3,47,75,70,245000
2022,3,47,75,70,180000
2022,3,33,75,70,220000
2022,3,47,75,70,198440
2022,3,47,75,70,144000
2022,3,33,75,70,240000
2022,3,47,75,70,198440
2022,3,47,75,70,144000
2022,2,25,75,70,150000
2022,2,47,29,28,57872
2022,0,25,75,70,64000
2022,0,47,28,27,39925
2022,3,69,11,12,187200
2022,3,69,11,12,116100
2022,3,25,75,70,150000
2022,3,25,75,70,127000
2022,3,33,75,70,275000
2022,3,33,75,70,166000
2022,3,47,75,70,159699
2022,3,47,75,70,138938
2022,0,11,75,70,76000
2022,3,4,29,28,103432
2022,3,4,29,28,92350
2022,3,25,75,70,80000
2022,3,25,75,70,52500
2022,3,33,75,70,236000
2022,3,33,75,70,182000
2022,3,47,75,70,180000
2022,3,25,75,70,135000
2022,2,88,75,70,240000
2022,0,25,15,70,125404
2022,3,33,75,70,195000
2022,3,33,75,70,110000
2022,3,39,75,70,123000
2022,3,39,75,70,92250
2022,2,66,75,70,180000
2022,2,66,75,70,100000
2022,3,33,75,70,97000
2022,3,33,75,70,90000
2022,3,69,75,70,180000
2022,3,33,75,70,260000
2022,3,33,75,70,180000
2022,1,4,75,70,210000
2022,1,4,75,70,157000
2022,2,25,75,70,80000
2022,2,25,75,70,52500
2022,3,31,75,70,128000
2022,3,31,75,70,81500
2022,3,40,75,70,105000
2022,3,40,75,70,70000
2022,3,47,75,70,175000
2022,3,47,75,70,122500
2022,3,33,75,70,171000
2022,3,33,75,70,117000
2022,3,47,75,70,202800
2022,3,47,75,70,104300
2022,3,25,26,25,36773
2022,2,47,54,51,30000
2022,2,4,10,10,78000
2022,2,4,10,10,48000
2022,2,33,10,10,78000
2022,2,33,10,10,42000
2022,3,31,75,70,345600
2022,3,31,75,70,230400
2022,2,11,10,10,78000
2022,2,11,10,10,48000
2022,3,25,75,70,175950
2022,3,25,75,70,130050
2022,3,33,75,70,205600
2022,3,33,75,70,105700
2022,3,25,75,70,236600
2022,2,47,10,10,84000
2022,2,47,10,10,54000
2022,0,47,75,70,80000
2022,3,77,29,28,200000
2022,0,47,11,12,73742
2022,3,44,75,70,165000
2022,0,47,29,28,33246
2021,0,80,39,38,5409
2021,2,33,5,6,75050
2022,0,69,75,70,108000
2022,3,87,39,64,8000
2022,3,47,75,70,155000
2022,3,47,75,70,38000
2022,2,25,75,70,85000
2022,2,25,75,70,65000
2022,2,33,29,28,110820
2022,2,33,29,28,92350
2022,3,47,75,70,153600
2022,3,47,75,70,106800
2022,3,47,75,70,50000
2022,3,47,75,70,123400
2022,3,47,75,70,88100
2022,3,47,75,70,120000
2022,3,47,75,70,55000
2022,3,4,75,70,150000
2022,3,4,75,70,120000
2022,3,42,75,70,139000
2022,3,25,75,70,139600
2022,3,25,75,70,85700
2022,3,33,75,70,185000
2022,3,33,75,70,50000
2022,3,47,75,70,200000
2022,2,66,75,70,148500
2022,2,66,75,70,98200
2022,3,25,75,70,115000
2022,3,25,75,70,95000
2022,3,31,75,70,225000
2022,3,31,75,70,66000
2022,2,37,75,70,134000
2022,2,37,75,70,98000
2022,2,25,75,70,105000
2022,2,25,75,70,62000
2022,0,12,75,70,57000
2022,3,16,11,12,161311
2022,2,47,75,70,144200
2022,2,47,75,70,115360
2022,2,47,5,6,83171
2022,3,82,39,38,38154
2022,3,33,63,60,73546
2022,3,33,63,60,42026
2022,3,31,75,70,180000
2022,3,31,75,70,160000
2022,2,47,75,70,108000
2022,3,71,75,70,200000
2022,3,71,75,70,150000
2022,1,37,11,12,125976
2022,3,33,75,70,188700
2022,3,33,75,70,160395
2022,3,47,75,70,198440
2022,3,47,75,70,144000
2022,3,8,75,70,191475
2022,3,8,75,70,141525
2022,2,47,20,20,75648
2022,3,64,75,70,156868
2022,3,11,56,53,200000
2022,3,65,63,60,69344
2022,2,79,19,19,5132
2022,3,25,75,70,90000
2022,2,89,20,20,126080
2022,2,89,20,20,84053
2022,3,33,75,70,200000
2022,3,33,75,70,180000
2022,2,4,75,70,108000
2022,2,4,75,70,85000
2022,3,33,75,70,165000
2022,3,33,75,70,132000
2022,3,4,75,70,130000
2022,3,4,75,70,110000
2022,2,12,5,6,45050
2021,0,25,5,6,42028
2022,2,27,75,70,135000
2022,3,33,75,70,178800
2022,3,33,75,70,132100
2022,0,25,17,70,20000
2022,3,69,11,12,140000
2022,3,69,11,12,110000
2022,3,33,75,70,160000
2022,3,33,75,70,85000
2022,3,54,75,70,250000
2022,3,54,75,70,63000
2022,1,33,75,70,187200
2022,1,33,75,70,116100
2022,2,47,73,68,10000
2022,3,33,75,70,145000
2022,3,33,75,70,229998
2022,3,33,75,70,154545
2022,3,47,75,70,215000
2022,3,47,75,70,159000
2022,0,3,75,70,50000
2022,3,48,75,70,183000
2022,3,25,75,70,99750
2022,3,25,75,70,68400
2022,3,47,75,70,236900
2022,3,47,75,70,159200
2022,3,45,75,70,243225
2022,3,45,75,70,179775
2022,3,47,75,70,128000
2022,3,47,75,70,191475
2022,3,47,75,70,141525
2022,3,47,75,70,218000
2022,3,47,75,70,145300
2022,3,66,75,70,195400
2022,3,66,75,70,131300
2022,0,49,14,70,105000
2022,3,47,75,70,207000
2022,3,47,75,70,153000
2022,3,25,75,70,99000
2022,3,69,62,59,200000
2022,3,69,62,59,135000
2022,3,33,75,70,195700
2022,3,33,75,70,130500
2022,3,66,75,70,130000
2022,3,66,75,70,84000
2022,2,40,75,70,100000
2022,2,40,75,70,60000
2022,2,33,29,28,80036
2022,2,33,29,28,67723
2022,3,33,75,70,141300
2022,3,33,75,70,102100
2022,2,17,75,70,150000
2022,2,47,29,28,102200
2022,0,47,39,38,22892
2022,3,25,75,70,144000
2022,3,25,75,70,113000
2022,0,3,63,25,31520
2022,3,31,75,70,195400
2022,3,31,75,70,131300
2022,3,69,75,70,195400
2022,3,69,75,70,131300
2022,3,33,75,70,80000
2022,0,12,39,38,8050
2022,2,79,39,70,60000
2022,3,69,27,26,63040
2022,0,17,39,4,50000
2022,3,33,75,70,105000
2022,3,4,75,70,190000
2022,3,4,75,70,140000
2022,3,47,75,70,180000
2022,3,47,75,70,165000
2022,3,7,75,70,108000
2021,0,72,28,27,20000
2022,3,47,75,70,179400
2022,3,47,75,70,154000
2022,3,74,75,70,193900
2022,3,74,75,70,129300
2022,1,45,75,70,222640
2022,1,45,75,70,182160
2022,2,33,75,70,150000
2022,2,33,75,70,100000
2022,3,4,75,70,122500
2022,3,4,75,70,100000
2022,1,33,75,70,297500
2022,1,33,75,70,260000
2021,0,68,71,67,15000
2022,3,33,26,70,193000
2022,0,47,75,70,93000
2022,0,47,75,70,73000
2022,0,25,10,10,7799
2022,3,47,75,70,136994
2022,3,47,75,70,101570
2022,3,53,28,27,57786
2022,2,25,75,70,136000
2022,2,25,75,70,112000
2022,3,47,75,70,172000
2022,3,33,75,70,215000
2022,3,33,75,70,164000
2021,0,33,29,28,45390
2022,2,25,75,70,97500
2022,3,8,75,70,212800
2022,3,8,75,70,142800
2022,2,47,57,54,73546
2022,0,47,75,20,50000
2022,0,25,28,38,6359
2022,3,47,75,70,151800
2022,3,47,75,70,130240
2022,3,4,75,70,165000
2022,3,4,75,70,140250
2022,3,47,75,70,179400
2022,3,47,75,70,154000
2022,2,57,75,70,75000
2022,2,33,31,30,84053
2022,2,33,31,30,73546
2022,2,33,29,28,98506
2022,2,33,29,28,86193
2022,2,33,26,25,84053
2022,2,33,26,25,73546
2022,3,4,29,28,102663
2022,3,4,29,28,80041
2022,3,33,29,28,104611
2022,3,33,29,28,82280
2022,3,47,75,70,191475
2022,3,47,75,70,141525
2022,3,25,75,70,115000
2022,0,47,26,25,31520
2022,3,39,75,70,81000
2022,3,39,75,70,66000
2022,0,25,75,70,46000
2022,0,33,75,70,80000
2022,1,74,75,70,200000
2022,1,74,75,70,180000
2022,1,3,75,70,200000
2022,3,47,75,70,204100
2022,3,47,75,70,136100
2022,3,4,75,70,250000
2022,3,4,75,70,63000
2022,2,47,29,28,118208
2022,2,47,29,28,110820
2021,0,24,21,21,19073
2022,3,49,75,70,95000
2022,3,49,75,70,70000
2022,2,7,9,70,75000
2022,2,4,9,9,7500
2022,2,25,75,70,113000
2022,3,47,75,70,170000
2022,2,26,75,70,113000
2022,2,86,75,70,140000
2021,3,25,59,56,50000
2022,2,12,5,6,53368
2022,3,64,63,60,29944
2022,3,47,75,70,160000
2022,3,47,75,70,119300
2022,2,89,75,70,145000
2022,3,33,75,70,90000
2022,3,54,75,70,146200
2022,3,54,75,70,124270
2022,2,47,75,70,225000
2022,2,47,75,70,160000
2022,2,47,57,54,54634
2022,3,33,11,12,185800
2022,3,33,11,12,137400
2022,3,4,75,70,245000
2022,3,4,75,70,180000
2022,3,4,75,70,203500
2022,3,4,75,70,152000
2022,3,33,75,70,250000
2022,3,33,75,70,63000
2022,3,70,75,70,186000
2022,3,70,75,70,148800
2022,3,65,39,38,95386
2022,2,69,29,28,128058
2022,0,47,75,70,82000
2022,0,47,22,27,110000
2022,2,7,75,70,173000
2022,3,69,75,70,186000
2022,3,69,75,70,148800
2022,0,12,10,10,6270
2022,2,45,75,70,158000
2022,2,45,75,70,134000
2022,1,4,75,70,200000
2022,1,4,75,70,150000
2022,3,25,75,70,216200
2022,3,25,75,70,144100
2022,2,47,57,54,115573
2022,2,47,57,54,89306
2022,3,54,75,70,250000
2022,3,54,75,70,63000
2022,3,69,75,70,135000
2022,3,69,75,70,85000
2022,3,45,75,70,206000
2022,3,45,75,70,175100
2022,3,69,75,70,189650
2022,3,69,75,70,164996
2022,3,33,75,70,154000
2022,3,33,75,70,126000
2022,3,69,75,70,200000
2022,3,69,75,70,150000
2022,3,4,75,70,135000
2022,2,33,29,28,98506
2022,2,33,29,28,73880
2022,3,25,75,70,117000
2022,3,25,75,70,99450
2022,3,33,62,59,200000
2022,3,33,62,59,135000
2022,3,69,75,70,193900
2022,3,69,75,70,129300
2022,0,69,29,28,55410
2022,3,25,29,28,86193
2022,3,25,29,28,61566
2022,3,25,75,70,175000
2022,3,25,75,70,130000
2022,3,33,75,70,188100
2022,3,33,75,70,139860
2022,3,69,75,70,248700
2022,3,69,75,70,167100
2022,2,25,39,38,5723
2022,2,12,20,20,50432
2022,3,47,75,70,205000
2022,3,31,75,70,141300
2022,3,31,75,70,102100
2022,0,25,2,3,50000
2022,0,47,7,8,84053
2022,2,64,29,28,61566
2022,3,31,75,70,250000
2022,3,31,75,70,63000
2022,3,45,75,70,189500
2022,3,45,75,70,140100
2022,3,33,75,70,177600
2022,3,33,75,70,131300
2022,2,33,75,70,24000
2022,3,69,75,70,202900
2022,3,33,75,70,115000
2022,0,69,75,70,115000
2022,2,69,75,70,193900
2022,2,69,75,70,129300
2022,3,47,75,70,140000
2022,2,25,75,70,216200
2022,2,25,75,70,144100
2022,3,74,75,70,216000
2022,3,74,75,70,144000
2022,0,25,75,70,150000
2021,0,72,39,38,12171
2022,2,47,39,35,53416
2022,0,5,4,5,50000
2021,3,19,75,70,250000
2022,1,89,57,54,84053
2022,2,47,29,28,131752
2022,3,4,2,70,48000
2022,1,45,75,70,260500
2022,1,45,75,70,175100
2022,0,25,75,70,55000
2022,2,25,75,70,130000
2022,3,7,28,28,77119
2022,0,47,7,8,52008
2022,2,7,39,38,30523
2022,3,33,75,70,206699
2022,3,33,75,70,99100
2022,2,4,75,70,200000
2022,2,4,75,70,54000
2022,0,4,75,70,130000
2022,3,33,75,70,100000
2022,3,33,75,70,80000
2022,3,47,75,70,100000
2022,3,49,75,70,221300
2022,3,49,75,70,148700
2022,0,69,29,28,30000
2022,0,25,28,27,28368
2022,2,33,29,28,91118
2022,2,33,29,28,61566
2022,2,47,20,20,60938
2022,3,45,75,70,249260
2022,3,45,75,70,185400
2022,2,47,29,28,80036
2022,3,25,75,70,128875
2022,3,25,75,70,93700
2022,3,69,75,70,100000
2022,3,25,75,70,136260
2022,3,25,75,70,109280
2022,3,47,75,70,160000
2022,3,47,75,70,92000
2022,2,33,29,28,135446
2022,2,33,29,28,104663
2022,0,33,75,70,129000
2022,0,33,75,70,86000
2020,0,33,39,38,13493
2022,3,17,75,70,100000
2022,2,47,73,68,25000
2022,2,25,68,64,65257
2022,2,3,75,70,200000
2022,0,68,75,70,180000
2022,2,47,75,70,153000
2022,3,25,75,70,150075
2022,3,25,75,70,110925
2022,2,74,25,24,22800
2020,0,25,63,60,22809
2022,0,25,36,35,15000
2022,3,45,5,6,133766
2022,0,69,75,70,83000
2022,3,47,75,70,186000
2022,3,47,75,70,148800
2022,3,25,75,70,112900
2022,3,25,75,70,90320
2022,3,66,75,70,240000
2022,3,66,75,70,160000
2022,3,45,75,70,300000
2022,3,45,75,70,200000
2022,2,33,20,20,65666
2022,2,3,39,70,200000
2022,2,69,29,28,116976
2022,2,69,29,28,92350
2022,2,3,75,70,120000
2022,3,25,75,70,112900
2022,3,25,75,70,90320
2022,3,29,75,70,145000
2022,3,29,75,70,105400
2020,0,47,20,20,49268
2022,3,47,75,70,215300
2022,3,47,75,70,158200
2022,3,33,75,70,209100
2022,3,33,75,70,154600
2022,3,25,75,70,115934
2022,3,25,75,70,81666
2022,3,33,75,70,155000
2022,2,69,28,20,84053
2022,3,25,75,70,164000
2022,3,25,75,70,132000
2022,3,47,75,70,123000
2022,2,54,31,30,52533
2022,1,63,11,12,115222
2022,3,33,75,70,165400
2022,3,33,75,70,132320
2022,3,31,75,70,208775
2022,3,31,75,70,147800
2022,3,33,75,70,136994
2022,3,33,75,70,101570
2022,1,60,39,38,76309
2022,0,69,29,28,35093
2022,3,33,75,70,183600
2022,3,33,75,70,100800
2022,2,25,29,28,49253
2022,2,25,29,28,36940
2022,2,25,26,25,42026
2022,2,25,26,25,31520
2022,2,25,31,30,42026
2022,2,25,31,30,31520
2022,3,47,75,70,215300
2022,3,47,75,70,140400
2022,2,33,26,25,63040
2022,2,33,26,25,47280
2022,3,47,75,70,260000
2022,2,47,29,28,43096
2022,2,33,31,30,63040
2022,2,33,31,30,47280
2022,2,33,29,28,55410
2021,2,69,42,41,51064
2022,3,43,2,51,60000
2022,2,33,75,70,82900
2022,2,33,75,70,63900
2022,2,74,75,70,160000
2022,2,74,75,70,112300
2022,2,45,75,70,241000
2022,2,45,75,70,159000
2022,3,47,75,70,80000
2022,2,25,75,70,58000
2022,3,33,75,70,136000
2022,3,33,75,70,108800
2022,1,33,75,70,242000
2022,1,33,75,70,200000
2022,2,47,29,28,61566
2022,2,47,29,28,36940
2022,2,33,29,28,49253
2022,3,47,75,70,165220
2022,3,47,75,70,120160
2022,3,25,75,70,124190
2022,3,33,75,70,181940
2022,3,33,75,70,132320
2022,3,33,75,70,220110
2022,3,33,75,70,160080
2022,3,47,75,70,180000
2022,3,47,75,70,120000
2022,2,25,75,70,126500
2022,2,25,75,70,106260
2022,3,25,75,70,116000
2022,3,25,75,70,155000
2022,3,25,75,70,120600
2022,2,47,75,70,130000
2022,2,47,75,70,90000
2022,2,33,75,70,170000
2022,3,25,75,70,102100
2022,3,25,75,70,84900
2022,3,47,75,70,136620
2022,3,47,75,70,99360
2022,3,47,29,28,110820
2022,3,47,29,28,98506
2022,3,47,75,70,146000
2022,0,33,29,28,43096
2022,1,25,75,70,130000
2022,1,25,75,70,110000
2022,3,25,75,70,170000
2022,3,45,75,70,161342
2022,3,45,75,70,137141
2022,3,47,75,70,167000
2022,3,33,29,28,73880
2022,3,33,29,28,61566
2022,3,47,75,70,211500
2022,3,47,75,70,138600
2022,3,31,11,12,192400
2022,3,31,11,12,90700
2022,3,25,11,12,130000
2022,3,25,11,12,61300
2022,3,33,75,70,160000
2022,3,33,75,70,113000
2022,3,47,75,70,95550
2022,2,25,75,70,167000
2022,2,25,75,70,115500
2022,3,33,75,70,243900
2022,3,33,75,70,156600
2022,3,25,75,70,136600
2022,3,33,75,70,128875
2022,3,33,75,70,93700
2022,1,59,75,70,224000
2022,1,59,75,70,167875
2022,1,4,75,70,175000
2022,1,4,75,70,135000
2022,3,47,75,70,205300
2022,3,47,75,70,176000
2022,3,33,75,70,200100
2022,3,33,75,70,70500
2022,3,33,75,70,54000
2022,3,47,75,70,205300
2022,3,47,75,70,140400
2022,3,4,75,70,205300
2022,3,4,75,70,184700
2022,3,33,75,70,175100
2022,3,33,75,70,140250
2022,3,25,75,70,116150
2022,3,25,75,70,99050
2022,2,25,11,12,85000
2022,2,25,11,12,75000
2022,3,69,75,70,214000
2022,3,69,75,70,192600
2022,3,31,75,70,266400
2022,3,31,75,70,213120
2022,2,47,75,70,141300
2022,2,47,75,70,102100
2022,2,33,75,70,206699
2022,2,33,75,70,99100
2022,3,33,75,70,110500
2022,2,25,29,28,61566
2022,2,25,29,28,43096
2022,3,25,75,70,80000
2022,3,25,75,70,60000
2022,3,47,75,70,230000
2022,3,29,75,70,150260
2022,3,29,75,70,109280
2022,2,47,75,70,160000
2022,0,25,11,12,67000
2022,0,25,11,12,52000
2022,3,25,75,70,129000
2022,3,25,75,70,69000
2022,3,33,75,70,25000
2022,3,25,75,70,126500
2022,3,25,75,70,106260
2022,3,33,75,70,220110
2022,3,33,75,70,160080
2022,3,25,75,70,105000
2022,2,25,75,70,135000
2022,2,25,75,70,50000
2022,3,47,75,70,220000
2022,2,47,29,28,172386
2022,2,47,29,28,86193
2022,3,69,75,70,220000
2022,3,69,75,70,120000
2022,2,47,75,70,200000
2022,3,69,0,0,120000
2022,3,69,0,0,65000
2022,1,33,75,70,324000
2022,1,33,75,70,216000
2022,3,47,75,70,185100
2022,3,47,75,70,104890
2022,2,68,11,12,76814
2020,3,71,11,12,117104
2022,1,53,11,12,192037
2022,2,69,75,70,120000
2022,2,17,39,38,17805
2022,2,47,39,38,30523
2022,2,70,63,60,55685
2022,2,33,20,20,52533
2022,0,47,39,38,17805
2022,2,7,9,70,75000
2022,2,5,75,70,157000
2022,2,17,11,12,69133
2022,0,33,75,70,65000
2022,3,69,37,36,68293
2021,2,47,75,70,109000
2022,2,47,11,12,67597
2022,0,23,63,45,10000
2022,2,25,31,30,20000
2021,3,58,69,65,102839
2022,3,58,55,70,200000
2022,0,47,11,12,51081
2022,2,69,5,6,83864
2022,0,47,44,52,40000
2022,2,58,24,23,31520
2022,3,69,57,54,59888
2020,0,33,60,20,54742
2022,3,89,28,27,89306
2022,0,47,5,6,83171
2022,3,47,75,70,165000
2022,2,74,75,70,153000
2022,3,47,10,70,100000
2022,3,68,11,12,76814
2022,2,47,61,58,33609
2022,2,81,11,12,75000
2020,2,86,33,32,20000
2022,0,7,72,19,30469
2021,2,89,19,19,69999
2022,0,33,60,20,55475
2022,2,89,4,5,61989
2022,3,45,75,70,152500
2022,0,89,75,70,120000
2022,2,47,75,70,135000
2022,3,28,75,70,405000
2021,3,33,75,70,150000
2021,3,45,75,70,240000
2021,2,25,75,70,135000
2021,0,47,75,70,80000
2022,3,5,75,70,380000
2022,2,47,13,14,120402
2022,3,5,75,70,177000
2022,2,33,28,27,65141
2022,2,47,66,70,48000
2022,0,27,60,57,20000
2021,3,84,75,70,220000
2021,2,66,44,42,77364
2021,2,66,44,42,63711
2022,0,24,5,6,150000
2021,2,25,75,70,90000
2022,2,47,11,70,100000
2021,0,47,75,70,100000
2022,0,47,23,22,100000
2022,3,89,75,70,144000
2022,3,84,20,20,155499
2021,3,23,10,10,24000
2021,2,7,77,70,38400
2022,0,57,75,70,100000
2021,2,47,75,70,82500
2021,0,47,28,27,49646
2021,3,64,39,38,40570
2022,0,33,75,70,120000
2022,3,65,20,20,84053
2021,0,69,39,38,20000
2022,0,23,75,70,125000
2021,2,47,39,38,9466
2021,3,74,75,70,120000
2021,0,25,26,25,10354
2021,0,5,29,28,110037
2022,0,66,63,60,21013
2021,0,25,75,70,50000
2021,3,83,75,70,200000
2021,2,16,26,61,60000
2021,2,33,75,70,200000
2021,0,68,40,39,100000
2021,2,33,75,70,100000
2021,3,69,7,8,82744
2020,2,33,20,20,59303
2021,2,89,28,27,62649
2021,2,33,29,28,82528
2021,2,31,75,70,170000
2021,2,31,75,70,150000
2021,0,12,75,70,55000
2021,1,53,75,70,250000
2021,0,33,75,70,80000
2020,0,16,75,70,70000
2021,1,53,20,20,130026
2021,0,42,20,20,63831
2020,3,47,31,70,68428
2021,1,59,66,62,85000
2021,1,58,66,62,230000
2021,0,69,75,70,125000
2021,3,29,75,70,120000
2020,2,89,75,70,450000
2020,2,25,28,27,46759
2020,2,33,4,5,74130
2021,3,43,11,12,127221
2021,3,45,75,70,144000
2021,0,47,74,69,13400
2021,2,47,11,12,75774
2021,2,47,75,70,150000
2020,2,42,75,70,103000
2021,3,33,75,70,153000
2021,2,33,75,70,90000
2021,0,25,75,70,90000
2021,0,25,75,70,60000
2021,2,47,56,53,50000
2021,0,3,60,70,12000
2021,2,0,39,38,5409
2021,2,66,75,70,270000
2021,2,5,29,12,54238
2021,2,69,26,25,47282
2021,1,53,42,58,153667
2021,2,33,61,58,28476
2021,2,27,75,70,110000
2021,0,89,29,28,82528
2020,0,69,75,70,250000
2021,0,25,28,27,59102
2021,3,25,8,70,80000
2020,0,25,56,53,10000
2020,0,69,75,70,138000
2021,2,33,75,70,140000
2021,3,27,20,20,79197
2021,3,62,75,70,170000
2021,0,25,75,70,80000
2020,2,47,59,70,45760
2021,2,12,75,70,100000
2021,3,47,28,27,53192
2021,1,58,75,70,235000
2021,1,12,39,70,150000
2020,1,33,26,25,79833
2021,0,74,75,70,225000
2021,0,42,20,20,76833
2020,2,70,63,60,50180
2021,3,77,31,21,88654
2021,3,63,29,28,103160
2021,3,33,29,28,113476
2021,3,69,20,20,94564
2021,0,33,39,38,30428
2021,3,33,75,70,150000
2021,3,33,75,70,115000
2021,2,89,11,12,187442
2021,2,25,29,28,51519
2020,2,33,75,70,106000
2020,2,33,29,28,112872
2021,2,12,35,70,36259
2021,3,33,75,70,150000
2020,0,66,20,20,15966
2021,2,24,20,70,95746
2021,0,24,75,70,70000
2020,2,47,29,28,76958
2021,2,20,68,64,89294
2021,0,47,39,38,29751
2021,3,63,75,70,276000
2020,3,33,75,70,188000
2021,3,20,10,70,160000
2020,2,47,75,70,105000
2021,3,33,75,70,174000
2021,2,25,75,70,93000
2021,0,47,39,38,28399
2021,3,89,63,60,60757
2021,0,47,75,70,90000
2020,2,33,28,27,70139
2020,0,25,39,38,6072
2020,3,33,54,51,33511
2021,3,81,75,70,170000
2021,3,33,29,28,96282
2021,2,33,73,68,12103
2021,0,47,28,27,36643
2021,2,33,29,28,72212
2020,0,25,75,70,91000
2021,3,15,11,12,99703
2021,3,47,75,70,165000
2021,2,25,75,70,80000
2021,3,47,11,12,103691
2021,0,33,39,38,21637
2020,0,89,57,54,42000
2020,2,64,0,0,115000
2021,2,89,11,12,63810
2020,3,74,44,42,260000
2021,2,59,75,70,110000
2021,2,31,75,70,180000
2021,3,25,75,70,200000
2020,3,16,29,28,109024
2021,3,33,75,70,200000
2021,3,66,75,70,256000
2021,2,33,75,70,110000
2020,2,47,20,20,79833
2021,0,33,75,70,72500
2021,3,69,75,70,185000
2021,2,33,57,54,69741
2021,0,89,43,16,100000
2021,2,33,75,70,112000
2020,3,69,75,70,150000
2021,3,47,73,68,20171
2021,3,3,26,25,55000
2021,0,47,75,70,58000
2021,0,47,75,70,100000
2021,3,47,28,27,77684
2021,0,69,57,20,85000
2021,0,42,20,20,76833
2021,3,92,75,70,105000
2020,0,25,75,70,72000
2021,0,33,20,20,65013
2021,2,33,73,68,28016
2021,2,33,75,70,111775
2021,2,33,75,70,93150
2021,3,63,62,70,160000
2021,2,47,65,20,25532
2021,3,69,39,38,66265
2021,2,47,39,38,16904
2021,3,25,20,20,63831
2020,3,64,75,70,190000
2021,1,53,20,20,141846
2021,0,16,39,38,16228
2021,3,25,11,12,71786
2020,2,47,35,34,35735
2021,3,47,75,70,135000
2021,0,69,20,20,24823
2021,3,45,39,70,54094
2021,3,69,39,38,24342
2021,0,12,45,43,9272
2021,2,47,75,70,147000
2021,3,89,11,12,96113
2021,3,45,75,70,174000
2020,2,17,75,70,135000
2021,0,69,16,17,21844
2020,3,63,58,55,125000
2020,0,47,28,27,51321
2020,2,47,39,38,40481
2021,1,42,28,25,69741
2021,3,27,77,28,50000
2020,0,47,28,27,39916
2020,2,62,75,70,87000
2021,2,33,64,70,26005
2021,2,47,20,20,90734
2021,2,16,39,38,22611
2021,2,47,39,70,5679
2021,0,69,75,70,81000
2021,2,47,14,15,40038
2021,0,42,75,70,90000
2021,2,47,20,5,61467
2021,3,70,75,70,195000
2021,2,47,26,25,37825
2020,2,25,75,70,85000
2021,1,84,75,70,416000
2021,3,74,75,12,225000
2021,2,47,29,28,56256
2021,2,47,39,38,33808
2021,2,47,29,28,116914
2021,2,69,61,58,46597
2020,2,25,60,57,8000
2020,0,33,44,42,41689
2020,3,16,61,28,114047
2021,2,69,7,8,88654
2020,0,42,39,38,5707
2020,2,63,63,70,56000
2021,0,23,21,21,28609
2021,2,47,20,20,88654
2020,2,86,39,38,6072
2020,3,33,31,30,47899
2020,2,12,75,70,98000
2021,2,33,32,28,66022
2021,2,89,28,27,56738
2021,2,69,69,65,24823
2021,3,29,75,70,120000
2021,2,33,42,70,20000
2020,1,53,75,70,325000
2021,3,69,75,70,200000
2020,0,3,21,21,45896
2021,2,47,75,70,160000
2021,3,89,28,70,50000
2021,2,43,31,30,40189
2021,2,47,10,10,12901
2021,3,33,75,70,165000
2021,0,16,39,14,5882
2020,2,47,28,27,42197
2021,3,83,75,70,185000
2020,0,47,20,20,62726
2020,0,47,42,41,21669
2020,2,33,75,70,110000
2021,3,29,75,70,140000
2020,3,47,75,70,120000
2021,3,47,11,12,87738
2021,3,56,29,28,61896
2021,2,74,60,57,12000
2021,3,33,64,28,76833
2021,2,69,44,42,74000
2021,3,45,75,27,152000
2021,2,16,51,48,18000
2020,3,23,66,70,60000
2021,2,47,75,70,130000
2021,3,23,10,10,18907
2021,0,17,48,45,59102
2021,3,84,20,20,173762
2020,3,84,20,20,148261
2020,2,47,26,25,38776
2021,2,47,26,25,46809
2021,0,3,39,4,18053
2020,3,47,4,5,91237
2020,2,47,28,45,62726
2021,2,47,75,70,115000
2021,3,84,75,70,235000
2021,2,62,39,38,19609
2021,0,3,10,70,12000
2021,2,25,75,70,75000
2021,2,25,75,70,62000
2021,2,47,75,70,73000
2021,2,33,57,54,45391
2020,3,45,75,70,190200
2020,2,47,75,70,118000
2020,2,47,75,70,138350
2020,2,33,26,70,130800
2020,3,69,34,33,45618
2021,3,53,44,42,168000
2021,2,47,68,37,119059
2021,2,7,75,70,423000
2021,2,33,53,50,28369
2021,3,49,75,70,165000
2020,3,47,75,70,412000
2021,2,84,75,70,151000
2020,0,47,75,70,105000
2020,0,17,75,70,100000
2021,3,45,39,38,94665
